{
  "train_loss": [
    0.49690453556483377,
    0.43106433767044616,
    0.3795905309522937,
    0.3669913288005098,
    0.3527683279293026,
    0.3308275171561155,
    0.3026211955054791,
    0.30061417184547035,
    0.2981001571445408,
    0.26581247989645973,
    0.2506071700753566,
    0.23377137796250647,
    0.2275388056111193,
    0.22487914258848407,
    0.21858117707118302,
    0.21095304432029496
  ],
  "val_loss": [
    0.6635329176982244,
    1.117924337896208,
    0.883621795516875,
    1.129386953285171,
    1.5078003387380805,
    1.526478063263413,
    1.2311821766197681,
    1.4342078359073236,
    0.9993277802649472,
    1.3152879721795518,
    1.9167063592208757,
    1.3747254113356273,
    2.0502748917788267,
    1.5552331989424095,
    2.23101699215153,
    1.4556930176913738
  ],
  "train_acc": [
    0.7422950819672132,
    0.8263934426229508,
    0.8529274004683841,
    0.8596487119437939,
    0.8770257611241218,
    0.8832786885245901,
    0.8976580796252928,
    0.8946370023419203,
    0.897400468384075,
    0.9093676814988291,
    0.9153629976580796,
    0.9218501170960187,
    0.9212412177985948,
    0.9226932084309134,
    0.9237704918032786,
    0.9296018735362997
  ],
  "val_acc": [
    0.8727891903767988,
    0.8282983631769746,
    0.8713610897506316,
    0.8403822915522355,
    0.8325826650554762,
    0.8286279248599363,
    0.8482917719433154,
    0.8335713501043612,
    0.8438976161704932,
    0.8522465121388553,
    0.8360979896737339,
    0.8167637042733165,
    0.836317697462375,
    0.8514775348786114,
    0.8297264638031419,
    0.7661210589915413
  ],
  "val_pnl": [
    94.74986156442813,
    93.01315193682822,
    94.83372620308216,
    93.44155319537103,
    92.7697025505289,
    93.06632813866673,
    93.74693374947518,
    93.14841439848337,
    93.67025097515733,
    93.6995505210898,
    93.32952543132465,
    89.44389252916505,
    93.31091518729627,
    93.86589818581436,
    93.11408493152085,
    83.92521235978273
  ]
}