{
  "train_loss": [
    0.6747965080137471,
    0.6306526688219026,
    0.621940772497017,
    0.6144063126949864,
    0.6126897794599752,
    0.6058905647911188,
    0.603807893873171,
    0.6018153105983297,
    0.6032132874918348,
    0.6003007006099206,
    0.5939642222783038,
    0.5932115721338578,
    0.5889066412248685,
    0.5898429419248159,
    0.5879208713997411,
    0.5842942920804933,
    0.5824651108443282,
    0.5810863826111072,
    0.5772885803047937,
    0.565981044114091,
    0.5558810623092506,
    0.552725997362428,
    0.552040604689649,
    0.5401554357914524,
    0.5350985961560984,
    0.5282248963836496
  ],
  "val_loss": [
    0.8979715279170445,
    0.6568552276917866,
    0.7416893690824509,
    0.6428112153496061,
    0.6422505059412548,
    0.6307721648897443,
    0.647732005587646,
    0.6559142129761832,
    0.6914776116609573,
    0.6571787276438305,
    0.6296891442367009,
    0.8560073833380427,
    0.6883909404277802,
    0.6371118426322937,
    0.7623271122574806,
    0.828351803123951,
    0.6805020996502468,
    0.7163117868559701,
    0.656942714537893,
    0.8235554780278888,
    0.6749367852296148,
    0.6546562484332493,
    0.645463113273893,
    0.6633389996630805,
    0.6776640063949994,
    0.7136975218142781
  ],
  "train_acc": [
    0.5589833950543543,
    0.6434416437701589,
    0.6505196511766814,
    0.6596583442838371,
    0.6627045753195556,
    0.6695436626448453,
    0.6737546290765739,
    0.6703500179190061,
    0.6742026042288854,
    0.67205232349779,
    0.6800561462190897,
    0.6793692509855453,
    0.6828634571735754,
    0.6857304981483694,
    0.6886274041333174,
    0.6897025444988651,
    0.6886572691434715,
    0.6923903954127344,
    0.6955859514992235,
    0.7048142396368414,
    0.7167901087086369,
    0.7157149683430892,
    0.7169394337594075,
    0.7291243579022817,
    0.7317524787958428,
    0.7364114203798829
  ],
  "val_acc": [
    0.5328282828282829,
    0.5980639730639731,
    0.555976430976431,
    0.619668911335578,
    0.6077441077441077,
    0.6470258136924804,
    0.646324354657688,
    0.6247194163860831,
    0.566358024691358,
    0.5993265993265994,
    0.6307519640852974,
    0.5461560044893379,
    0.5980639730639731,
    0.6446408529741863,
    0.5737934904601572,
    0.5681818181818182,
    0.6258417508417509,
    0.5792648709315376,
    0.6625982042648709,
    0.5879629629629629,
    0.6509539842873177,
    0.646324354657688,
    0.6555836139169473,
    0.6460437710437711,
    0.6423961840628507,
    0.6377665544332211
  ],
  "val_pnl": [
    46.125238494677546,
    51.28396044932621,
    46.02641309560576,
    52.35480591490945,
    51.28495464149144,
    54.57024205582931,
    54.926075179353674,
    52.94371983213694,
    46.933973026591815,
    50.204604704371484,
    53.71458773564028,
    45.55633275263391,
    49.75134306988588,
    54.71934120643814,
    47.71442789444085,
    47.13631261803741,
    52.27961649498219,
    48.40668462400771,
    55.92715466803333,
    48.65785234744713,
    54.901953473663056,
    54.684288551057506,
    55.77920727329722,
    55.16066041963644,
    54.45873331475825,
    54.21195664885724
  ]
}